ano,sigla_uf,turno,total_aptos,total_abstencoes
1994,AC,2,263162,78463
1994,AP,2,197171,65637
1994,BA,2,7031624,2663432
1994,GO,2,2622097,662375
1994,MA,2,2615445,1035207
1994,PI,2,1631161,448238
1994,RR,2,119888,33998
1994,RS,2,6296021,890635
1994,SC,2,3157290,487342
1994,SE,2,942246,181613
1994,SP,2,20774991,3026455
1998,AP,2,213289,34623
1998,DF,2,1267925,203003
1998,GO,2,2948932,701318
1998,MG,2,11815183,2824585
1998,MS,2,1256907,321627
1998,PA,2,3220778,1303297
1998,PI,2,1781150,473142
1998,RJ,2,9971830,2268906
1998,RO,2,836179,313130
1998,RR,2,170620,42837
1998,RS,2,6846077,1097872
1998,SE,2,1081138,264014
1998,SP,2,23321034,4146967
2002,AP,2,290101,52281
2002,CE,2,4805259,1106026
2002,DF,2,1518437,207722
2002,MS,2,1411773,292628
2002,PA,2,3569333,980481
2002,PB,2,2322068,427754
2002,PR,2,6663381,1235027
2002,RN,2,1917382,396783
2002,RO,2,882545,241102
2002,RR,2,208524,37758
2002,RS,2,7352139,1073931
2002,SC,2,3817974,579033
2002,SE,2,1147933,202673
2002,SP,2,25655553,4162264
2006,GO,2,3734185,762775
2006,MA,2,3920608,947517
2006,PA,2,4157735,1003679
2006,PB,2,2573766,441170
2006,PE,2,5834512,1163388
2006,PR,2,7121257,1250661
2006,RJ,2,10891293,1889377
2006,RN,2,2101144,351506
2006,RS,2,7750583,1197001
2006,SC,2,4168495,635219
2010,AL,2,2033518,536872
2010,AP,2,420349,81796
2010,DF,2,1834135,354146
2010,GO,2,4059028,900924
2010,PA,2,4763592,1275991
2010,PB,2,2738389,521249
2010,PI,2,2261931,517245
2010,RO,2,1078402,276450
2010,RR,2,271603,49924
2014,AC,2,506522,112365
2014,AM,2,4564577,1107319
2014,AP,2,455368,66288
2014,CE,2,6269037,1363558
2014,DF,2,1895994,239633
2014,GO,2,4329932,932427
2014,MS,2,1817547,420367
2014,PA,2,5186031,1308042
2014,PB,2,2834880,510208
2014,RJ,2,12134961,2713771
2014,RN,2,2326659,410927
2014,RO,2,1126542,274325
2014,RR,2,299419,49191
2014,RS,2,8385656,1525358
2014,TO,2,1018329,355032
2018,AM,2,2427159,519229
2018,AP,2,511826,117123
2018,DF,2,2081505,394275
2018,MG,2,15695460,3631177
2018,MS,2,1877020,427646
2018,PA,2,5497638,1280584
2018,RJ,2,12401560,2984852
2018,RN,2,2372579,430383
2018,RO,2,1175173,293339
2018,RR,2,333166,62851
2018,RS,2,8350956,1576087
2018,SC,2,5068559,855040
2018,SE,2,1576420,312355
2018,SP,2,33032785,7195323
2022,AL,2,2322904,540497
2022,AM,2,2643862,578702
2022,BA,2,11274423,2310179
2022,ES,2,2917863,599513
2022,MS,2,1993450,445840
2022,PB,2,3086131,517025
2022,PE,2,7009112,1213753
2022,RO,2,1229033,303470
2022,RS,2,8582643,1658040
2022,SC,2,5484339,956558
2022,SE,2,1669054,315516
2022,SP,2,34642067,7300251